"Hostname","CheckMK ID","Reachable","Uptime Days","Uptime Hours","Reboot Pending","WSUS Update script","Reboot Script","WSUS Update Task","WSUS Reboot Task","Powershell version"
"TRI04TRMMM1-1.mmsrg.net","DE-M149-TRI04TRMMM1-1","True","5","15","False","Exists","Exists","Ready","Ready","5"
"LND04TRMMM1-1.mmsrg.net","DE-M153-LND04TRMMM1-1","True","3","19","False","Exists","Exists","Ready","Ready","5"
"FFM04TRMMM2-1.mmsrg.net","DE-M147-FFM04TRMMM2-1","True","5","15","False","Exists","Exists","Ready","Ready","5"
"SLS04TRMMM1-1.mmsrg.net","DE-M192-SLS04TRMMM1-1","True","5","15","False","Exists","Exists","Ready","Ready","5"
"KAI04TRMSE1-1.mmsrg.net","DE-S084-KAI04TRMSE1-1","True","5","15","False","Exists","Exists","Ready","Ready","5"
"POT04TRMMM1-1.mmsrg.net","DE-M088-POT04TRMMM1-1","True","10","19","False","Exists","Exists","Ready","Ready","5"
"NKR04TRMMM1-1.mmsrg.net","DE-M218-NKR04TRMMM1-1","True","5","15","False","Exists","Exists","Ready","Ready","5"
"EMG04TRMMM1-1.mmsrg.net","DE-M402-EMG04TRMMM1-1","True","5","15","False","Exists","Exists","Ready","Ready","5"
"DRE04TRMMM2-1.mmsrg.net","DE-M084-DRE04TRMMM2-1","True","5","15","False","Exists","Exists","Ready","Ready","5"
"HML04TRMMM1-1.mmsrg.net","DE-M100-HML04TRMMM1-1","True","8","19","False","Exists","Exists","Ready","Ready","5"
"WMR04TRMSE1-1.mmsrg.net","DE-S089-WMR04TRMSE1-1","True","5","15","False","Exists","Exists","Ready","Ready","5"
"REG04TRMSE1-1.mmsrg.net","DE-S067-REG04TRMSE1-1","True","5","15","False","Exists","Exists","Ready","Ready","5"
"KAS04TRMSE1-1.mmsrg.net","DE-S055-KAS04TRMSE1-1","True","5","15","False","Exists","Exists","Ready","Ready","5"
"FFM04TRMMM1-1.mmsrg.net","DE-M024-FFM04TRMMM1-1","True","5","15","False","Exists","Exists","Ready","Ready","5"
"BRM04TRMSE2-1.mmsrg.net","DE-S096-BRM04TRMSE2-1","True","5","15","False","Exists","Exists","Ready","Ready","5"
"DNW04TRMMM1-1.mmsrg.net","DE-M176-DNW04TRMMM1-1","True","5","15","False","Exists","Exists","Ready","Ready","5"
"HEP04TRMMM1-1.mmsrg.net","DE-M139-HEP04TRMMM1-1","True","4","2","False","Exists","Exists","Ready","Ready","5"
"NTB04TRMMM1-1.mmsrg.net","DE-M238-NTB04TRMMM1-1","True","12","15","False","Exists","Exists","Ready","Ready","5"
"GOE04TRMSE1-1.mmsrg.net","DE-S059-GOE04TRMSE1-1","True","5","15","False","Exists","Exists","Ready","Ready","5"
"GIF04TRMMM1-1.mmsrg.net","DE-M263-GIF04TRMMM1-1","True","5","15","False","Exists","Exists","Ready","Ready","5"
"OBH04TRMSE1-1.mmsrg.net","DE-S082-OBH04TRMSE1-1","True","5","15","False","Exists","Exists","Ready","Ready","5"
"HDB04TRMSE1-1.mmsrg.net","DE-S325-HDB04TRMSE1-1","True","5","15","False","Exists","Exists","Ready","Ready","5"
"AUG04TRMMM1-1.mmsrg.net","DE-M115-AUG04TRMMM1-1","True","5","15","False","Exists","Exists","Ready","Ready","5"
"KOL04TRMMM2-1.mmsrg.net","DE-M131-KOL04TRMMM2-1","True","2","19","False","Exists","Exists","Ready","Ready","5"
"KIE04TRMSE1-1.mmsrg.net","DE-S333-KIE04TRMSE1-1","True","5","15","False","Exists","Exists","Ready","Ready","5"
"BER04TRMSE2-1.mmsrg.net","DE-S022-BER04TRMSE2-1","True","2","6","False","Exists","Exists","Ready","Ready","5"
"NUE04TRMMM3-1.mmsrg.net","DE-M167-NUE04TRMMM3-1","True","4","19","False","Exists","Exists","Ready","Ready","5"
"PEI04TRMMM1-1.mmsrg.net","DE-M201-PEI04TRMMM1-1","True","5","15","False","Exists","Exists","Ready","Ready","5"
"HIL04TRMMM1-1.mmsrg.net","DE-M025-HIL04TRMMM1-1","True","8","19","False","Exists","Exists","Ready","Ready","5"
"LBK04TRMMM1-1.mmsrg.net","DE-M066-LBK04TRMMM1-1","True","5","15","False","Exists","Exists","Ready","Ready","5"
"MST04TRMMM1-1.mmsrg.net","DE-M116-MST04TRMMM1-1","True","5","15","False","Exists","Exists","Ready","Ready","5"
"MAI04TRMSE1-1.mmsrg.net","DE-S101-MAI04TRMSE1-1","True","5","15","False","Exists","Exists","Ready","Ready","5"
"CEL04TRMSE1-1.mmsrg.net","DE-S327-CEL04TRMSE1-1","True","5","15","False","Exists","Exists","Ready","Ready","5"
"DST04TRMMM1-1.mmsrg.net","DE-M154-DST04TRMMM1-1","True","5","15","False","Exists","Exists","Ready","Ready","5"
"EUS04TRMSE1-1.mmsrg.net","DE-S091-EUS04TRMSE1-1","True","5","15","False","Exists","Exists","Ready","Ready","5"
"BER04TRMMM6-1.mmsrg.net","DE-M119-BER04TRMMM6-1","True","11","19","False","Exists","Exists","Ready","Ready","5"
"TRI04TRMSE1-1.mmsrg.net","DE-S104-TRI04TRMSE1-1","True","5","15","False","Exists","Exists","Ready","Ready","5"
"HIL04TRMSE1-1.mmsrg.net","DE-S329-HIL04TRMSE1-1","True","12","15","False","Exists","Exists","Ready","Ready","5"
"HAG04TRMSE1-1.mmsrg.net","DE-S019-HAG04TRMSE1-1","True","5","15","False","Exists","Exists","Ready","Ready","5"
"BIE04TRMMM1-1.mmsrg.net","DE-M042-BIE04TRMMM1-1","True","5","15","False","Exists","Exists","Ready","Ready","5"
"SAA04TRMMM2-1.mmsrg.net","DE-M165-SAA04TRMMM2-1","True","5","15","False","Exists","Exists","Ready","Ready","5"
"BER04TRMMM11-1.mmsrg.net","DE-M129-BER04TRMMM11-1","True","11","20","False","Exists","Exists","Ready","Ready","5"
"AAC04TRMSE1-1.mmsrg.net","DE-S209-AAC04TRMSE1-1","True","5","15","False","Exists","Exists","Ready","Ready","5"
"DUR04TRMSE1-1.mmsrg.net","DE-S204-DUR04TRMSE1-1","True","5","15","False","Exists","Exists","Ready","Ready","5"
"ING04TRMSE1-1.mmsrg.net","","True","5","15","False","Exists","Exists","Ready","Ready","5"
"TRF04TRMSE1-1.mmsrg.net","DE-S295-TRF04TRMSE1-1","True","12","15","False","Exists","Exists","Ready","Ready","5"
"ROS04TRMMM2-1.mmsrg.net","DE-M159-ROS04TRMMM2-1","True","1","20","False","Missing","Missing",,,"5"
"LNH04TRMSE1-1.mmsrg.net","DE-S322-LNH04TRMSE1-1","True","5","15","False","Exists","Exists","Ready","Ready","5"
"HNF04TRMSE1-1.mmsrg.net","DE-S296-HNF04TRMSE1-1","True","5","15","False","Exists","Exists","Ready","Ready","5"
"SGN04TRMSE2-1.mmsrg.net","DE-S211-SGN04TRMSE2-1","True","5","15","False","Exists","Exists","Ready","Ready","5"
"KON04TRMMM1-1.mmsrg.net","DE-M111-KON04TRMMM1-1","True","9","19","False","Exists","Exists","Ready","Ready","5"
"ISE04TRMSE1-1.mmsrg.net","DE-S021-ISE04TRMSE1-1","True","5","15","False","Exists","Exists","Ready","Ready","5"
"CHE04TRMMM1-1.mmsrg.net","DE-M101-CHE04TRMMM1-1","True","5","15","False","Exists","Exists","Ready","Ready","5"
"ZWC04TRMSE1-1.mmsrg.net","DE-S077-ZWC04TRMSE1-1","True","5","15","False","Exists","Exists","Ready","Ready","5"
"EGB04TRMMM1-1.mmsrg.net","DE-M082-EGB04TRMMM1-1","True","5","15","False","Exists","Exists","Ready","Ready","5"
"KOL04TRMSE2-1.mmsrg.net","DE-S210-KOL04TRMSE2-1","True","5","15","False","Exists","Exists","Ready","Ready","5"
"HAN04TRMMM2-1.mmsrg.net","DE-M137-HAN04TRMMM2-1","True","3","8","False","Exists","Exists","Ready","Ready","5"
"HMM04TRMSE1-1.mmsrg.net","DE-S008-HMM04TRMSE1-1","True","5","15","False","Exists","Exists","Ready","Ready","5"
"KAR04TRMMM2-1.mmsrg.net","DE-M203-KAR04TRMMM2-1","True","3","20","False","Exists","Exists","Ready","Ready","5"
"ERL04TRMSE1-1.mmsrg.net","DE-S306-ERL04TRMSE1-1","True","5","15","False","Exists","Exists","Ready","Ready","5"
"ANS04TRMSE1-1.mmsrg.net","DE-S074-ANS04TRMSE1-1","True","5","15","False","Exists","Exists","Ready","Ready","5"
"KOL04TRMMM3-1.mmsrg.net","DE-M197-KOL04TRMMM3-1","True","2","19","False","Exists","Exists","Ready","Ready","5"
"BRM04TRMSE3-1.mmsrg.net","DE-S344-BRM04TRMSE3-1","True","5","15","False","Exists","Exists","Ready","Ready","5"
"NUL04TRMMM1-1.mmsrg.net","DE-M030-NUL04TRMMM1-1","True","5","15","False","Exists","Exists","Ready","Ready","5"
"KOL04TRMSE4-1.mmsrg.net","DE-S219-KOL04TRMSE4-1","True","12","15","False","Exists","Exists","Ready","Ready","5"
"AUG04TRMMM2-1.mmsrg.net","DE-M148-AUG04TRMMM2-1","True","5","15","False","Exists","Exists","Ready","Ready","5"
"GRE04TRMMM1-1.mmsrg.net","DE-M155-GRE04TRMMM1-1","True","1","20","False","Missing","Missing",,,"5"
"TNR04TRMMM1-1.mmsrg.net","DE-M206-TNR04TRMMM1-1","True","5","15","False","Exists","Exists","Ready","Ready","5"
"ROS04TRMSE1-1.mmsrg.net","DE-S061-ROS04TRMSE1-1","True","5","15","False","Exists","Exists","Ready","Ready","5"
"TST04TRMMM1-1.mmsrg.net","DE-M178-TST04TRMMM1-1","True","5","15","False","Exists","Exists","Ready","Ready","5"
"BER04TRMMM12-1.mmsrg.net","DE-M086-BER04TRMMM12-1","True","11","20","False","Exists","Exists","Ready","Ready","5"
"REM04TRMSE1-1.mmsrg.net","DE-S015-REM04TRMSE1-1","True","5","15","False","Exists","Exists","Ready","Ready","5"
"BAY04TRMMM1-1.mmsrg.net","DE-M010-BAY04TRMMM1-1","True","5","15","False","Exists","Exists","Ready","Ready","5"
"REG04TRMMM1-1.mmsrg.net","DE-M011-REG04TRMMM1-1","True","5","15","False","Exists","Exists","Ready","Ready","5"
"BDH04TRMMM1-1.mmsrg.net","DE-M018-BDH04TRMMM1-1","True","5","15","False","Exists","Exists","Ready","Ready","5"
"KRE04TRMSE1-1.mmsrg.net","DE-S063-KRE04TRMSE1-1","True","5","15","False","Exists","Exists","Ready","Ready","5"
"BMO04TRMMM1-1.mmsrg.net","DE-M020-BMO04TRMMM1-1","True","5","15","False","Exists","Exists","Ready","Ready","5"
"MOE04TRMSE3-1.mmsrg.net","DE-S220-MOE04TRMSE3-1","True","5","15","False","Exists","Exists","Ready","Ready","5"
"NMK04TRMMM1-1.mmsrg.net","DE-M292-NMK04TRMMM1-1","True","4","20","False","Exists","Exists","Ready","Ready","5"
"GDU04TRMMM1-1.mmsrg.net","DE-M173-GDU04TRMMM1-1","True","5","15","False","Exists","Exists","Ready","Ready","5"
"ASB04TRMMM2-1.mmsrg.net","DE-M014-ASB04TRMMM2-1","True","5","15","False","Exists","Exists","Ready","Ready","5"
"KOL04TRMSE3-1.mmsrg.net","DE-S217-KOL04TRMSE3-1","True","5","15","False","Exists","Exists","Ready","Ready","5"
"SOL04TRMSE1-1.mmsrg.net","DE-S029-SOL04TRMSE1-1","True","5","15","False","Exists","Exists","Ready","Ready","5"
"HAN04TRMMM1-1.mmsrg.net","DE-M134-HAN04TRMMM1-1","True","8","20","False","Exists","Exists","Ready","Ready","5"
"MEM04TRMMM1-1.mmsrg.net","DE-M177-MEM04TRMMM1-1","True","9","19","False","Exists","Exists","Ready","Ready","5"
"SBH04TRMMM1-1.mmsrg.net","DE-M246-SBH04TRMMM1-1","True","4","20","False","Exists","Exists","Ready","Ready","5"
"WOL04TRMMM1-1.mmsrg.net","DE-M080-WOL04TRMMM1-1","True","5","15","False","Exists","Exists","Ready","Ready","5"
"KOL04TRMSE1-1.mmsrg.net","DE-S201-KOL04TRMSE1-1","True","5","15","False","Exists","Exists","Ready","Ready","5"
"HLD04TRMSE1-1.mmsrg.net","DE-S058-HLD04TRMSE1-1","True","5","15","False","Exists","Exists","Ready","Ready","5"
"SEN04TRMSE1-1.mmsrg.net","DE-S317-SEN04TRMSE1-1","True","5","15","False","Exists","Exists","Ready","Ready","5"
"NDH04TRMMM1-1.mmsrg.net","DE-M125-NDH04TRMMM1-1","True","5","15","False","Exists","Exists","Ready","Ready","5"
"KIE04TRMMM2-1.mmsrg.net","DE-M064-KIE04TRMMM2-1","True","5","15","False","Exists","Exists","Ready","Ready","5"
"LDS04TRMSE1-1.mmsrg.net","DE-S009-LDS04TRMSE1-1","True","5","15","False","Exists","Exists","Ready","Ready","5"
"ERF04TRMMM1-1.mmsrg.net","DE-M076-ERF04TRMMM1-1","True","5","15","False","Exists","Exists","Ready","Ready","5"
"BNN04TRMMM1-1.mmsrg.net","DE-M264-BNN04TRMMM1-1","True","2","20","False","Exists","Exists","Ready","Ready","5"
"FFM04TRMSE2-1.mmsrg.net","DE-S044-FFM04TRMSE2-1","True","5","15","False","Exists","Exists","Ready","Ready","5"
"KAS04TRMMM1-1.mmsrg.net","DE-M092-KAS04TRMMM1-1","True","5","15","False","Exists","Exists","Ready","Ready","5"
"ULM04TRMMM1-1.mmsrg.net","DE-M164-ULM04TRMMM1-1","True","5","15","False","Exists","Exists","Ready","Ready","5"
"BOW04TRMMM1-1.mmsrg.net","DE-M312-BOW04TRMMM1-1","True","2","20","False","Exists","Exists","Ready","Ready","5"
"KOB04TRMMM1-1.mmsrg.net","DE-M038-KOB04TRMMM1-1","True","5","15","False","Exists","Exists","Ready","Ready","5"
"GLS04TRMSE2-1.mmsrg.net","DE-S042-GLS04TRMSE2-1","True","5","15","False","Exists","Exists","Ready","Ready","5"
"HOL04TRMMM1-1.mmsrg.net","DE-M229-HOL04TRMMM1-1","True","5","15","False","Exists","Exists","Ready","Ready","5"
"BOM04TRMSE1-1.mmsrg.net","DE-S307-BOM04TRMSE1-1","True","5","15","False","Exists","Exists","Ready","Ready","5"
"SNG04TRMMM1-1.mmsrg.net","DE-M156-SNG04TRMMM1-1","True","9","20","False","Exists","Exists","Ready","Ready","5"
"ZLM04TRMMM1-1.mmsrg.net","DE-M145-ZLM04TRMMM1-1","True","5","15","False","Exists","Exists","Ready","Ready","5"
"KOL04TRMMM4-1.mmsrg.net","DE-M232-KOL04TRMMM4-1","True","2","20","False","Exists","Exists","Ready","Ready","5"
"LNG04TRMMM1-1.mmsrg.net","DE-M157-LNG04TRMMM1-1","True","5","15","False","Exists","Exists","Ready","Ready","5"
"HAL04TRMSE1-1.mmsrg.net","DE-S103-HAL04TRMSE1-1","True","5","15","False","Exists","Exists","Ready","Ready","5"
"KLE04TRMSE1-1.mmsrg.net","DE-S066-KLE04TRMSE1-1","True","5","15","False","Exists","Exists","Ready","Ready","5"
"SHG04TRMMM1-1.mmsrg.net","DE-M247-SHG04TRMMM1-1","True","8","20","False","Exists","Exists","Ready","Ready","5"
"KUL04TRMMM1-1.mmsrg.net","DE-M250-KUL04TRMMM1-1","True","5","15","False","Exists","Exists","Ready","Ready","5"
"HTT04TRMSE1-1.mmsrg.net","DE-S319-HTT04TRMSE1-1","True","5","15","False","Exists","Exists","Ready","Ready","5"
"OSB04TRMSE1-1.mmsrg.net","DE-S079-OSB04TRMSE1-1","True","5","15","False","Exists","Exists","Ready","Ready","5"
"LBG04TRMMM1-1.mmsrg.net","DE-M163-LBG04TRMMM1-1","True","5","15","False","Exists","Exists","Ready","Ready","5"
"DRE04TRMMM3-1.mmsrg.net","DE-M235-DRE04TRMMM3-1","True","5","15","False","Exists","Exists","Ready","Ready","5"
"GUM04TRMSE1-1.mmsrg.net","DE-S053-GUM04TRMSE1-1","True","5","15","False","Exists","Exists","Ready","Ready","5"
"NWI04TRMMM1-1.mmsrg.net","DE-M132-NWI04TRMMM1-1","True","5","15","False","Exists","Exists","Ready","Ready","5"
"DOM04TRMSE1-1.mmsrg.net","DE-S004-DOM04TRMSE1-1","True","5","15","False","Exists","Exists","Ready","Ready","5"
"WUP04TRMSE1-1.mmsrg.net","DE-S102-WUP04TRMSE1-1","True","5","15","False","Exists","Exists","Ready","Ready","5"
"LBU04TRMSE1-1.mmsrg.net","DE-S070-LBU04TRMSE1-1","True","5","15","False","Exists","Exists","Ready","Ready","5"
"RBG04TRMMM1-1.mmsrg.net","DE-M259-RBG04TRMMM1-1","True","5","15","False","Exists","Exists","Ready","Ready","5"
"PDB04TRMSE1-1.mmsrg.net","DE-S337-PDB04TRMSE1-1","True","5","15","False","Exists","Exists","Ready","Ready","5"
"BOY04TRMSE1-1.mmsrg.net","DE-S095-BOY04TRMSE1-1","True","5","15","False","Exists","Exists","Ready","Ready","5"
"POT04TRMSE1-1.mmsrg.net","DE-S335-POT04TRMSE1-1","True","19","15","False","Exists","Exists","Ready","Ready","5"
"BNT04TRMMM1-1.mmsrg.net","DE-M213-BNT04TRMMM1-1","True","11","20","False","Exists","Exists","Ready","Ready","5"
"ASB04TRMMM1-1.mmsrg.net","DE-M123-ASB04TRMMM1-1","True","5","15","False","Exists","Exists","Ready","Ready","5"
"COB04TRMMM1-1.mmsrg.net","DE-M140-COB04TRMMM1-1","True","5","15","False","Exists","Exists","Ready","Ready","5"
"FRH04TRMMM1-1.mmsrg.net","DE-M162-FRH04TRMMM1-1","True","9","20","False","Exists","Exists","Ready","Ready","5"
"NEU04TRMSE1-1.mmsrg.net","DE-S207-NEU04TRMSE1-1","True","5","15","False","Exists","Exists","Ready","Ready","5"
"BKN04TRMMM1-1.mmsrg.net","DE-M143-BKN04TRMMM1-1","True","5","15","False","Exists","Exists","Ready","Ready","5"
"KIE04TRMMM1-1.mmsrg.net","DE-M037-KIE04TRMMM1-1","True","5","15","False","Exists","Exists","Ready","Ready","5"
"DOM04TRMMM2-1.mmsrg.net","DE-M278-DOM04TRMMM2-1","True","5","15","False","Exists","Exists","Ready","Ready","5"
"KAI04TRMMM1-1.mmsrg.net","DE-M029-KAI04TRMMM1-1","True","5","15","False","Exists","Exists","Ready","Ready","5"
"SWF04TRMMM2-1.mmsrg.net","DE-M311-SWF04TRMMM2-1","True","5","15","False","Exists","Exists","Ready","Ready","5"
"MST04TRMSE1-1.mmsrg.net","DE-S018-MST04TRMSE1-1","True","5","15","False","Exists","Exists","Ready","Ready","5"
"ESN04TRMMM1-1.mmsrg.net","DE-M266-ESN04TRMMM1-1","True","5","15","False","Exists","Exists","Ready","Ready","5"
"DES04TRMMM1-1.mmsrg.net","DE-M182-DES04TRMMM1-1","True","12","15","False","Exists","Exists","Ready","Ready","5"
"FFM04TRMSE3-1.mmsrg.net","DE-S336-FFM04TRMSE3-1","True","5","15","False","Exists","Exists","Ready","Ready","5"
"ITZ04TRMMM1-1.mmsrg.net","DE-M219-ITZ04TRMMM1-1","True","5","15","False","Exists","Exists","Ready","Ready","5"
"SAA04TRMMM1-1.mmsrg.net","DE-M041-SAA04TRMMM1-1","True","5","15","False","Exists","Exists","Ready","Ready","5"
"LBL04TRMMM1-1.mmsrg.net","DE-M233-LBL04TRMMM1-1","True","5","15","False","Exists","Exists","Ready","Ready","5"
"DZB04TRMMM1-1.mmsrg.net","DE-M224-DZB04TRMMM1-1","True","5","15","False","Exists","Exists","Ready","Ready","5"
"NAD04TRMMM1-1.mmsrg.net","DE-M257-NAD04TRMMM1-1","True","5","15","False","Exists","Exists","Ready","Ready","5"
"WIT04TRMSE1-1.mmsrg.net","DE-S046-WIT04TRMSE1-1","True","5","15","False","Exists","Exists","Ready","Ready","5"
"STU04TRMSE1-1.mmsrg.net","DE-S092-STU04TRMSE1-1","True","5","15","False","Exists","Exists","Ready","Ready","5"
"IOS04TRMMM1-1.mmsrg.net","DE-M185-IOS04TRMMM1-1","True","5","15","False","Exists","Exists","Ready","Ready","5"
"OFB04TRMSE2-1.mmsrg.net","DE-S353-OFB04TRMSE2-1","True","5","15","False","Exists","Exists","Ready","Ready","5"
"GTL04TRMMM1-1.mmsrg.net","DE-M166-GTL04TRMMM1-1","True","5","15","False","Exists","Exists","Ready","Ready","5"
"WED04TRMMM1-1.mmsrg.net","DE-M180-WED04TRMMM1-1","True","5","15","False","Exists","Exists","Ready","Ready","5"
"AUG04TRMSE2-1.mmsrg.net","DE-S075-AUG04TRMSE2-1","True","5","15","False","Exists","Exists","Ready","Ready","5"
"ROS04TRMMM1-1.mmsrg.net","DE-M058-ROS04TRMMM1-1","True","1","20","False","Missing","Missing",,,"5"
"HDE04TRMMM1-1.mmsrg.net","DE-M152-HDE04TRMMM1-1","True","5","15","False","Exists","Exists","Ready","Ready","5"
"DRE04TRMSE2-1.mmsrg.net","DE-S060-DRE04TRMSE2-1","True","5","15","False","Exists","Exists","Ready","Ready","5"
"DUS04TRMSE2-1.mmsrg.net","DE-S213-DUS04TRMSE2-1","True","5","15","False","Exists","Exists","Ready","Ready","5"
"COT04TRMMM1-1.mmsrg.net","DE-M133-COT04TRMMM1-1","True","5","15","False","Exists","Exists","Ready","Ready","5"
"WUP04TRMMM1-1.mmsrg.net","DE-M158-WUP04TRMMM1-1","True","5","15","False","Exists","Exists","Ready","Ready","5"
"NIB04TRMMM1-1.mmsrg.net","DE-M179-NIB04TRMMM1-1","True","8","20","False","Exists","Exists","Ready","Ready","5"
"KOL04TRMMM1-1.mmsrg.net","DE-M098-KOL04TRMMM1-1","True","2","19","False","Exists","Exists","Ready","Ready","5"
"AMB04TRMMM1-1.mmsrg.net","DE-M260-AMB04TRMMM1-1","True","2","13","False","Exists","Exists","Ready","Ready","5"
"MAH04TRMMM1-1.mmsrg.net","DE-M044-MAH04TRMMM1-1","True","5","15","False","Exists","Exists","Ready","Ready","5"
"LEI04TRMSE2-1.mmsrg.net","DE-S014-LEI04TRMSE2-1","True","5","15","False","Exists","Exists","Ready","Ready","5"
"LEV04TRMSE1-1.mmsrg.net","DE-S208-LEV04TRMSE1-1","True","5","15","False","Exists","Exists","Ready","Ready","5"
"RHN04TRMMM1-1.mmsrg.net","DE-M151-RHN04TRMMM1-1","True","5","15","False","Exists","Exists","Ready","Ready","5"
"BBD04TRMMM1-1.mmsrg.net","DE-M215-BBD04TRMMM1-1","True","3","20","False","Exists","Exists","Ready","Ready","5"
"MAH04TRMSE1-1.mmsrg.net","DE-S056-MAH04TRMSE1-1","True","5","16","False","Exists","Exists","Ready","Ready","5"
"WZB04TRMMM3-1.mmsrg.net","DE-M124-WZB04TRMMM3-1","True","11","20","False","Exists","Exists","Ready","Ready","5"
"HNA04TRMSE1-1.mmsrg.net","DE-S073-HNA04TRMSE1-1","True","5","16","False","Exists","Exists","Ready","Ready","5"
"MAG04TRMSE1-1.mmsrg.net","DE-S020-MAG04TRMSE1-1","True","5","16","False","Exists","Exists","Ready","Ready","5"
"PFH04TRMMM1-1.mmsrg.net","DE-M061-PFH04TRMMM1-1","True","3","20","False","Exists","Exists","Ready","Ready","5"
"LNN04TRMSE1-1.mmsrg.net","DE-S047-LNN04TRMSE1-1","True","5","16","False","Exists","Exists","Ready","Ready","5"
"HEF04TRMSE1-1.mmsrg.net","DE-S032-HEF04TRMSE1-1","True","5","16","False","Exists","Exists","Ready","Ready","5"
"BRM04TRMSE1-1.mmsrg.net","DE-S005-BRM04TRMSE1-1","True","5","16","False","Exists","Exists","Ready","Ready","5"
"FHM04TRMMM1-1.mmsrg.net","DE-M315-FHM04TRMMM1-1","True","10","20","False","Exists","Exists","Ready","Ready","5"
"SWN04TRMMM1-1.mmsrg.net","DE-M110-SWN04TRMMM1-1","True","1","20","False","Missing","Missing",,,"5"
"KPT04TRMSE1-1.mmsrg.net","DE-S076-KPT04TRMSE1-1","True","5","16","False","Exists","Exists","Ready","Ready","5"
"NBB04TRMMM1-1.mmsrg.net","DE-M109-NBB04TRMMM1-1","True","1","20","False","Missing","Missing",,,"5"
"FRE04TRMMM1-1.mmsrg.net","DE-M062-FRE04TRMMM1-1","True","5","16","False","Exists","Exists","Ready","Ready","5"
"STA04TRMSE1-1.mmsrg.net","DE-S202-STA04TRMSE1-1","True","5","16","False","Exists","Exists","Ready","Ready","5"
"DUS04TRMSE1-1.mmsrg.net","DE-S214-DUS04TRMSE1-1","True","5","16","False","Exists","Exists","Ready","Ready","5"
"LIF04TRMMM1-1.mmsrg.net","DE-M249-LIF04TRMMM1-1","True","5","16","False","Exists","Exists","Ready","Ready","5"
"NUE04TRMMM1-1.mmsrg.net","DE-M074-NUE04TRMMM1-1","True","4","20","False","Exists","Exists","Ready","Ready","5"
"NOH04TRMMM1-1.mmsrg.net","DE-M265-NOH04TRMMM1-1","True","5","16","False","Exists","Exists","Ready","Ready","5"
"WIE04TRMSE2-1.mmsrg.net","DE-S328-WIE04TRMSE2-1","True","5","16","False","Exists","Exists","Ready","Ready","5"
"MRW04TRMMM1-1.mmsrg.net","DE-M181-MRW04TRMMM1-1","True","10","20","False","Exists","Exists","Ready","Ready","5"
"HUE04TRMSE1-1.mmsrg.net","DE-S216-HUE04TRMSE1-1","False","5","16","False","Exists","Exists","Ready","Ready","5"
"WOL04TRMSE1-1.mmsrg.net","DE-S054-WOL04TRMSE1-1","True","5","16","False","Exists","Exists","Ready","Ready","5"
"MST04TRMSE2-1.mmsrg.net","DE-S099-MST04TRMSE2-1","True","5","16","False","Exists","Exists","Ready","Ready","5"
"BOC04TRMSE1-1.mmsrg.net","DE-S309-BOC04TRMSE1-1","True","5","16","False","Exists","Exists","Ready","Ready","5"
"BAU04TRMSE1-1.mmsrg.net","DE-S330-BAU04TRMSE1-1","True","5","16","False","Exists","Exists","Ready","Ready","5"
"ISH04TRMSE2-1.mmsrg.net","DE-S043-ISH04TRMSE2-1","True","5","16","False","Exists","Exists","Ready","Ready","5"
"LUD04TRMMM1-1.mmsrg.net","DE-M078-LUD04TRMMM1-1","True","5","16","False","Exists","Exists","Ready","Ready","5"
"DEG04TRMMM1-1.mmsrg.net","DE-M204-DEG04TRMMM1-1","True","5","16","False","Exists","Exists","Ready","Ready","5"
"FRE04TRMSE1-1.mmsrg.net","DE-S041-FRE04TRMSE1-1","True","5","16","False","Exists","Exists","Ready","Ready","5"
"HDB04TRMMM1-1.mmsrg.net","DE-M043-HDB04TRMMM1-1","True","5","16","False","Exists","Exists","Ready","Ready","5"
"WES04TRMSE1-1.mmsrg.net","DE-S321-WES04TRMSE1-1","True","5","16","False","Exists","Exists","Ready","Ready","5"
"AUG04TRMSE1-1.mmsrg.net","DE-S048-AUG04TRMSE1-1","True","5","16","False","Exists","Exists","Ready","Ready","5"
"PIR04TRMMM1-1.mmsrg.net","DE-M036-PIR04TRMMM1-1","True","5","16","False","Exists","Exists","Ready","Ready","5"
"ERF04TRMMM2-1.mmsrg.net","DE-M205-ERF04TRMMM2-1","True","5","16","False","Exists","Exists","Ready","Ready","5"
"BRA04TRMMM1-1.mmsrg.net","DE-M013-BRA04TRMMM1-1","True","5","16","False","Exists","Exists","Ready","Ready","5"
"ERL04TRMMM1-1.mmsrg.net","DE-M075-ERL04TRMMM1-1","False","10","20","False","Exists","Exists","Ready","Ready","5"
"FUE04TRMSE1-1.mmsrg.net","DE-S310-FUE04TRMSE1-1","True","5","16","False","Exists","Exists","Ready","Ready","5"
"HRG04TRMMM1-1.mmsrg.net","DE-M141-HRG04TRMMM1-1","True","5","16","False","Exists","Exists","Ready","Ready","5"
"LBK04TRMSE2-1.mmsrg.net","DE-S339-LBK04TRMSE2-1","True","5","16","False","Exists","Exists","Ready","Ready","5"
"WRM04TRMMM1-1.mmsrg.net","DE-M070-WRM04TRMMM1-1","True","5","16","False","Exists","Exists","Ready","Ready","5"
"RAV04TRMMM1-1.mmsrg.net","DE-M063-RAV04TRMMM1-1","True","9","20","False","Exists","Exists","Ready","Ready","5"
"LBK04TRMSE1-1.mmsrg.net","DE-S068-LBK04TRMSE1-1","True","5","16","False","Exists","Exists","Ready","Ready","5"
"HAN04TRMSE1-1.mmsrg.net","DE-S001-HAN04TRMSE1-1","True","5","16","False","Exists","Exists","Ready","Ready","5"
"MDF04TRMMM1-1.mmsrg.net","DE-M171-MDF04TRMMM1-1","True","10","20","False","Exists","Exists","Ready","Ready","5"
"GIE04TRMSE1-1.mmsrg.net","DE-S318-GIE04TRMSE1-1","True","5","16","False","Exists","Exists","Ready","Ready","5"
"WZB04TRMMM4-1.mmsrg.net","DE-M212-WZB04TRMMM4-1","True","11","20","False","Exists","Exists","Ready","Ready","5"
"PDB04TRMMM1-1.mmsrg.net","DE-M039-PDB04TRMMM1-1","True","5","16","False","Exists","Exists","Ready","Ready","5"
"MRS04TRMSE1-1.mmsrg.net","DE-S062-MRS04TRMSE1-1","True","5","16","False","Exists","Exists","Ready","Ready","5"
"OLG04TRMSE1-1.mmsrg.net","DE-S080-OLG04TRMSE1-1","True","5","16","False","Exists","Exists","Ready","Ready","5"
"NUE04TRMMM2-1.mmsrg.net","DE-M102-NUE04TRMMM2-1","True","4","20","False","Exists","Exists","Ready","Ready","5"
"FUL04TRMMM1-1.mmsrg.net","DE-M009-FUL04TRMMM1-1","True","5","16","False","Exists","Exists","Ready","Ready","5"
"SIE04TRMSE1-1.mmsrg.net","DE-S212-SIE04TRMSE1-1","True","5","16","False","Exists","Exists","Ready","Ready","5"
"SAT04TRMMM1-1.mmsrg.net","DE-M293-SAT04TRMMM1-1","True","5","16","False","Exists","Exists","Ready","Ready","5"
"MUH04TRMSE1-1.mmsrg.net","DE-S400-MUH04TRMSE1-1","True","5","16","False","Exists","Exists","Ready","Ready","5"
"PAA04TRMSE1-1.mmsrg.net","DE-S312-PAA04TRMSE1-1","True","12","16","False","Exists","Exists","Ready","Ready","5"
"GOE04TRMMM1-1.mmsrg.net","DE-M067-GOE04TRMMM1-1","True","5","16","False","Exists","Exists","Ready","Ready","5"
"SWF04TRMMM1-1.mmsrg.net","DE-M094-SWF04TRMMM1-1","True","11","14","False","Exists","Exists","Ready","Ready","5"
"PAA04TRMMM1-1.mmsrg.net","DE-M035-PAA04TRMMM1-1","True","5","16","False","Exists","Exists","Ready","Ready","5"
"BSL04TRMMM1-1.mmsrg.net","DE-M114-BSL04TRMMM1-1","True","3","20","False","Exists","Exists","Ready","Ready","5"
"TUE04TRMSE1-1.mmsrg.net","DE-S064-TUE04TRMSE1-1","True","5","16","False","Exists","Exists","Ready","Ready","5"
"DOM04TRMSE2-1.mmsrg.net","DE-S078-DOM04TRMSE2-1","True","5","16","False","Exists","Exists","Ready","Ready","5"
"STB04TRMMM1-1.mmsrg.net","DE-M031-STB04TRMMM1-1","True","5","16","False","Exists","Exists","Ready","Ready","5"
"FLE04TRMMM1-1.mmsrg.net","DE-M118-FLE04TRMMM1-1","True","5","16","False","Exists","Exists","Ready","Ready","5"
"DUI04TRMSE1-1.mmsrg.net","DE-S311-DUI04TRMSE1-1","True","5","16","False","Exists","Exists","Ready","Ready","5"
"LNH04TRMMM1-1.mmsrg.net","DE-M007-LNH04TRMMM1-1","True","5","16","False","Exists","Exists","Ready","Ready","5"
"BER04TRMMM3-1.mmsrg.net","DE-M091-BER04TRMMM3-1","True","5","16","False","Exists","Exists","Ready","Ready","5"
"DES04TRMSE1-1.mmsrg.net","DE-S320-DES04TRMSE1-1","True","5","16","False","Exists","Exists","Ready","Ready","5"
"OFU04TRMMM1-1.mmsrg.net","DE-M104-OFU04TRMMM1-1","True","5","16","False","Exists","Exists","Ready","Ready","5"
"HOF04TRMMM1-1.mmsrg.net","DE-M046-HOF04TRMMM1-1","True","10","21","False","Exists","Exists","Ready","Ready","5"
"ANS04TRMMM1-1.mmsrg.net","DE-M112-ANS04TRMMM1-1","True","4","21","False","Exists","Exists","Ready","Ready","5"
"PLA04TRMMM1-1.mmsrg.net","DE-M093-PLA04TRMMM1-1","True","5","16","False","Exists","Exists","Ready","Ready","5"
"MUE04TRMSE1-1.mmsrg.net","DE-S025-MUE04TRMSE1-1","True","5","16","False","Exists","Exists","Ready","Ready","5"
"NUE04TRMSE1-1.mmsrg.net","DE-S006-NUE04TRMSE1-1","True","5","16","False","Exists","Exists","Ready","Ready","5"
"LAH04TRMMM1-1.mmsrg.net","DE-M160-LAH04TRMMM1-1","True","5","16","False","Exists","Exists","Ready","Ready","5"
"STS04TRMMM1-1.mmsrg.net","DE-M099-STS04TRMMM1-1","True","1","21","False","Missing","Missing",,,"5"
"KRP04TRMSE1-1.mmsrg.net","DE-S323-KRP04TRMSE1-1","True","5","16","False","Exists","Exists","Ready","Ready","5"
"LEB04TRMSE1-1.mmsrg.net","DE-S034-LEB04TRMSE1-1","True","5","16","False","Exists","Exists","Ready","Ready","5"
"FRS04TRMSE1-1.mmsrg.net","DE-S052-FRS04TRMSE1-1","True","5","16","False","Exists","Exists","Ready","Ready","5"
"WZB04TRMMM2-1.mmsrg.net","DE-M034-WZB04TRMMM2-1","True","2","16","False","Exists","Exists","Ready","Ready","5"
"DRE04TRMMM1-1.mmsrg.net","DE-M069-DRE04TRMMM1-1","True","5","16","False","Exists","Exists","Ready","Ready","5"
"ESS04TRMSE1-1.mmsrg.net","DE-S023-ESS04TRMSE1-1","True","5","16","False","Exists","Exists","Ready","Ready","5"
"VHM04TRMMM1-1.mmsrg.net","DE-M130-VHM04TRMMM1-1","True","5","16","False","Exists","Exists","Ready","Ready","5"
"ERF04TRMSE1-1.mmsrg.net","DE-S039-ERF04TRMSE1-1","True","5","16","False","Exists","Exists","Ready","Ready","5"
"GLS04TRMSE1-1.mmsrg.net","DE-S007-GLS04TRMSE1-1","True","3","0","False","Exists","Exists","Ready","Ready","5"
"ESS04TRMSE2-1.mmsrg.net","DE-S051-ESS04TRMSE2-1","True","5","16","False","Exists","Exists","Ready","Ready","5"
"BAM04TRMMM1-1.mmsrg.net","DE-M012-BAM04TRMMM1-1","True","10","21","False","Exists","Exists","Ready","Ready","5"
"BIE04TRMSE1-1.mmsrg.net","DE-S010-BIE04TRMSE1-1","True","5","16","False","Exists","Exists","Ready","Ready","5"
"SZB04TRMMM1-1.mmsrg.net","DE-M144-SZB04TRMMM1-1","True","5","16","False","Exists","Exists","Ready","Ready","5"
"LUD04TRMSE1-1.mmsrg.net","DE-S083-LUD04TRMSE1-1","True","5","16","False","Exists","Exists","Ready","Ready","5"
"KAR04TRMMM1-1.mmsrg.net","DE-M126-KAR04TRMMM1-1","True","3","21","False","Exists","Exists","Ready","Ready","5"
"DST04TRMSE1-1.mmsrg.net","DE-S071-DST04TRMSE1-1","True","5","16","False","Exists","Exists","Ready","Ready","5"
"GOS04TRMMM1-1.mmsrg.net","DE-M146-GOS04TRMMM1-1","True","5","16","False","Exists","Exists","Ready","Ready","5"
"KPT04TRMMM1-1.mmsrg.net","DE-M079-KPT04TRMMM1-1","True","9","20","False","Exists","Exists","Ready","Ready","5"
"CHE04TRMMM2-1.mmsrg.net","DE-M117-CHE04TRMMM2-1","True","5","16","False","Exists","Exists","Ready","Ready","5"
"ROH04TRMMM1-1.mmsrg.net","DE-M023-ROH04TRMMM1-1","True","5","16","False","Exists","Exists","Ready","Ready","5"
"MAR04TRMSE1-1.mmsrg.net","DE-S305-MAR04TRMSE1-1","True","5","16","False","Exists","Exists","Ready","Ready","5"
"","DE-S305-MAR04TRMSE1-1","True","15","5","True","Missing","Missing","Ready","Ready","5"
"","DE-S305-MAR04TRMSE1-1","True","15","5","True","Missing","Missing","Ready","Ready","5"
